ii,ina
1,0.282534
2,0.485244
3,0.630682
5,0.809891
10,0.963861
20,0.998697
30,0.999954
