freq,ina
1,1.039405
1.3,1.039235
1.67,1.007696
1.82,0.857861
1.92,0.522199
1.96,0.306196
