ii,ina
5,0.008164
10,0.027777
50,0.24797
100,0.435828
250,0.695421
500,0.797513
1000,0.8147
2000,1
