ii,Ina
1,0.105142
3,0.283451
5,0.42627
10,0.671008
20,0.892199
30,0.965111
50,0.997069
70,1.000542
