ii,ina
1,0.023548
5,0.165677
10,0.306198
30,0.674565
50,0.857863
100,1.007699
200,1.038441
